Adresse;Code postal;état du logement;Le bailleur est un bailleur;a déjà été frappé d'un arrêté de péril imminent;membre d'une association de locataires, de défense des droits des habitants, de lutte contre le mal logement ou autres et mon collectif souhaite devenir partenaire de l'enquête, je laisse un contact
62 rue Curiol;13001;Immeuble en état de délabrement avancé, aucun travaux depuis une ou plusieurs décennies..;privé;Non;
Rue du musée;13001;Vu du dessus, plus de tuile;je ne sais pas;Je ne sais pas;
6 Rue Sainte-Françoise;13002;"Un immeuble très délabré comme il est visible sur la photo.
Il comporte de nombreuse fissures visibles sur les façades.
Il n'y a pas eu de travaux dans cet immeuble depuis au moins 8 ans.
Il y a quelques années, un habitant s'est brisé les côtes. Ce serait en tombant dans un trou du plancher à l'entrée de l'immeuble.
La porte d'entrée de l'immeuble semble toujours rester entre-ouverte.
Depuis quelques mois, l'immeuble semble inhabité.";privé;Je ne sais pas;Je me sens concerné en tant que voisin de cet immeuble et en tant que citoyen.
4 Rue Sainte-Françoise;13002;"De nombreuses fissures visibles en façade, rebouchées il y a quelques temps en surface.
L'immeuble est peut-être affaibli au vu de l'état de l'immeuble voisin (le 6 Rue Sainte-Françoise, signalé il y a un instant).";je ne sais pas;Je ne sais pas;Rien de tout cela. Je suis un simple citoyen et voisin de cet immeuble.
4 rue guintrand;13002;T4 ancien et charmant mais le sol s'affaisse et provoque de la casse dans le carrelage. Nous avons simplement recouvert de lino à nos frais. Cage d'escalier commune avec grandes fissures évolutives, tomettes qui s'en vont, rampe branlante.;privé;Non;
28 montée des Accoules;13002;L'immeuble est muré et totalement délabré. Situé juste en face de l'entrée de l'école des Accoules. Tous les jours des dizaines de parents et d'enfants passent et stationnent devant cet immeuble.;je ne sais pas;Je ne sais pas;
73 rue château joly;13002;"Appartement il mais façade très endommagée et fissurée. Ainsi que fuites dans les appartements au dernier étage quand il pleut. 
Des câbles électriques pendent des murs extérieurs.";privé;Je ne sais pas;
179 boulevard national;13003;Ecole primaire National, dans le 3ème : Cafards, cour et classes inondées, plafond qui s'effondre, toilettes et points d'eau vétustes, issue de secours inutilisable...;je ne sais pas;Non;
53 rue Pierre albrand;13002;Escaliers qui s'effrite, énorme trous au plafond et 1ère étage qui menace de s'effondrer;privé;Je ne sais pas;
2 rue du poirier;13002;Mur fissurer dans l appartement mur qui s ecarte  mobilier qui commence a pencher  humiditer;privé;Non;
rue Clovis hugues;13003;vétusté du dispositif électrique;privé;Non;
3 rue d’hozier;13002;Chute de pierre de la façade;je ne sais pas;;
Tour bel horizon 23 rue de blidah 13003 marseille;13003;Moyen mais les passerelles de secours menacent à tous moment de céder et s’il y a le feu selon un rapport urbanis confidentielle serait dramatique et le rapport Nicol donne des informations precises sur la situation igh dangereuse;privé;Oui;Je ne suis pas membre d’une association
38 rue Belle de Mai;13003;immeuble inhabité, proprio aux abonnés absent car sans argent. cette adresse est régulièrement squattée par des gens qui cassent et abiment (ce pourrait être des gens calmes avec  ou sans enfant, comme cela existe aussi). la police intervient régulièrement. le toit est abimé et laisse passer l'eau : certaines poutres sont courbes et de nombreuses tuiles manqent.;privé;Je ne sais pas;
3 rue Bonhomme;13003;"T2 au 1er étage, type ""3 fenêtres"". Seul appartement de l'immeuble (bureaux et locaux divers en RDC)
Problèmes d'humidités dans plusieurs pièces.
Problèmes d'évacuations des eaux usées (et fragilisation des planchers)
Installation électrique dangereuse
Présence de rongeurs et insectes divers malgré les efforts de la locataire...";privé;Je ne sais pas;
67 rue Belle de mai;13003;l'immeuble, 3 fenêtres, est habité, commerce en rdc, la façade est fendue de haut en bas en son milieu et tous les hauts et bas de fenêtres présentent des fissures, des morceaux prêts à tomber.;je ne sais pas;Je ne sais pas;
16 RUE FELIX PYAT;13003;N 'a pas été entretenu depuis des années , infiltrations d'eau par le toit et par la façade sud est, parties communes vétustes sans électricité dans les parties communes.;privé;Je ne sais pas;
Rue Clovis Hugues;13003;Deux immeubles aux façades très lézardées et l'un des deux est muré et vide.;je ne sais pas;Oui;
68/70 rue Clovis Hugues;13003;Fissures;je ne sais pas;Je ne sais pas;
7 rue Jean Cristofol 13003 Marseille;13003;Très dégradé;privé;Non;
68/70 rue Clovis Hugues;13003;Fissure;je ne sais pas;Je ne sais pas;
35 bd gouzian;13003;Humide;privé;Non;
20 Boulevard Rougier;13004;Apparition de fissure il y a un ans et sa se dégrade de jour en jour sa deviens pire fuite d eau l Anne dernière on c est retrouver sans chauffage les porte ne ce ferme plus les volets non plus le sol n’est pas droit il est pencher maintenant cela fais vraiment peur j’ai beau me plaindre à l’agence mais personne intervient j’ai vraiment peur avec ce qu’il ce passe en ce moment si on pourrais m’aider me dire ce que je doit faire parce que on ai un jeune couple dans l’appartement et ne nous connaissons pas grand choses à tout sa merci de me venir en aide;je ne sais pas;Je ne sais pas;
81 avenue Maréchal Foch;13004;60m2 t3 pour une famille 2 parents une fille de 22ans 2 garçons de 16 et 17 ans dormant dans le salon. Pas de double vitrage (bruit: en face de na gare de la blancarde bus voiture tramway...) volets vieux grinçant. Électricité pas au norme. 800euros de loyer. Sans parking. Un seul salaire.;privé;Je ne sais pas;
rue Clovis Hugues;13003;Cage d'escalier en déconfiture , fissure dans les murs, fuite d'eau, câble électrique apparent;privé;Non;L'an 02 :
162 bd national;13003;Logement mal isolée balfond de la cuisine imprégné d'eau risque effondrement fissure dans lappartement problème d'évacuation usés;un office HLM;Non;
162 bd national;13003;Fissures humidité dans le logement toiture risque de s'effondrer problème évacuation des eaux usées;un office HLM;Non;
10 rue balthazar de montron;13004;sol crevasser eau qui s infiltre fissure sur les murs;privé;Je ne sais pas;
toute la rue clovis hugues;13003;réparation électrique temporaire dangereuse dans toute la rue;privé;Oui;
69 boulevard louis botinelly;13004;fissures apparentes de plus en plus larges;privé;Je ne sais pas;
5 rue Linné;13004;"Insalubre
Caffard
Souris
Puce de lit
Pas au norme";privé;Non;
30 rue lacépède;13004;Remontées capillaires et fissures façade;privé;Non;
9 rue des bergers;13006;et je n'envoie pas son interieur par pudeur . C' est  au 9 rue des bergers 6 eme arrd , frappé d'arreté depuis + de 20 ans , insalubres immondisses , une femme invalide (physique)77 ans au 2eme étage, diabétique , problèmes respiratoires...ils essaient de la foutre dehors sans prendre en compte un relogement , un déménagement ....elle est malade ++ depuis des années à cause de cela ...dit que c'est sa dernière année de vie tant elle n'en peut plus d'avoir lutté dans cette pourriture....plus de quittances délivrées,plus de décomptes de charges ...rien !! ils esperent comme cela que par sa mort, LES ECONOMIES SERONT REALISES. Elle ne dort plus que peu, à fait dernierement plusieurs malaises du au stress, à sa santé des plus mauvaises, se déplace difficilement. Bailleur privé, agence immobilière. Si ça vous interesse contactez moi en MP . Des années quelle le fait valoir , en vain.;privé;Oui;
28 rue de village;13006;Fissure dans les murs, humidité, infiltration d'eau via ma terrasse (il pleut chez ma voisine du dessous, son mur devient du papier mâché, et le mur de ma salle de bain est infiltré/moisi dû à l'eau de la terrasse), chauffage grille pain. L'agence ne veut pas le remplacer donc je ne chauffe pas à cause de la facture. Ça entraîne encore plus d'humidité. Pas d'isolation murs/plafond. J'ai signalé des vrillettes dans la poutre du plafond fin mai. Une entreprise est venu faire un devis le 6  septembre. Mon agence n'a toujours pas validé le devis.;je ne sais pas;Je ne sais pas;
26 cours Julien;13006;C'est l'immeuble et en particulier ls communs qui ne sont pas entretenus depuis plus de 15 ans malgré les demandes des locataires;privé;;"je suis locataire dans cet immeuble et n'ai de cesse de signaler au syndic de gestion les manquements du propriétaire qui est une SCI , bailleur privé;De plus, le rapport de la Soléam sur l'habitat à risque de décembre 2014 a répertorié l'immeuble comme à risque sans que rien ne soit fait"
69 cours Julien;13006;Fuite d'eau dans plusieurs pièces, eau qui coule des plafonniers, système électrique hors d'usage dans certaines pièces. Fenêtres cassées, fissures dans beaucoup de murs...;privé;Non;
39 rue Fongate;13006;Marchand de sommeil - Vétusté - Façade dégradée - 2 appartement brûlés et laissés ouverts depuis des mois - Nombreux dégâts des eaux;privé;Je ne sais pas;
74 rue Perrin solliers;13006;Des étais pour soutenir l’immeuble c est inquiétant;je ne sais pas;Je ne sais pas;
28 rue de navarin;13006;Façade arrière qui part;privé;Je ne sais pas;
5, rue des dominicaines 13001 marseille;13001;"j'ai refait tous les mur moi même mais le plafond et gorgé d'eau et sa s'effrite des plaques son déjà tombé dans la cuisine et salle de bain, j'ai refait l'entrée  pour sécurisé et prendre soin de ma fille, jamais remboursé, des odeurs tous les jours avec les canalisations de salle de bain, simple vitrage  carreau de fenêtre jamais remplacé,  les tomettes je les ai traité a mes frais bien sur, je me chauffe au bain à huile car j'ai pas les moyens de me chauffé à l’électrique, les douilles de salle de bain Eclairage douille de chantier, je tombe malade chez moi car j'ai froid mais pas les moyens de me chauffer. 
et les vieilles fenêtre ne ferme pas et laisse passe l'air j'ai refait à mes frais tous les joints,  j'aimerai agrandir la mezzanine de ma fille faut juste  une perceuse a percutions, des mèches pierre, du bois de base mais je touche 396 euro de rsa, car ma fille grandi et ces pieds dépasse, je ne mange que deux repas par jour j'angoisse tellement que j'arrive pas à arrêter de fumer, je ne sort pas je bois pas pas d'alcool à la maison, et quand des amies m'invite bas ce sont eux qui m'offre un verre, mais j'ai honte alors je demande rien, pas de drogue non plus c'est pour les riche la drogue, je joue pas au loto, je n'arrive plus à habiller ma fille actuellement, ni moi depuis des années; j'ai fait une mezzanine pour ma fille et moi à mes frais bien sur.
Depuis que je vie a marseille je me sent plus français mais  un immigrés dans mon propre pays, je pense au suicide, car je me bas tous les jours et l'administration me balade je passe mon temps a devoir explique ma situation je n'arrive plus a allez voir l'administration  pole emploi ma déjà humilier en publique,  en vivant a marseille on a le soleil mais j'ai plus confiance en moi  sachant cela je me bouscle pour parlé mais je ne suis pas mort comme rue d'aubagne alors je ne me plaint pas et me bat pour trouvé du travail d'illustration chantier garderie vieux ou jeune petit travaux au noir pour au moins manger j'ai un crédit permant employer au maximum , j'ai eu trois moi de rsa coupé après l’élection de macron et ne refait pas surface depuis, pour un défaut de quotient familial malgré papier démarche rien n'est entendu et je cour au sur endettement à cause d'une dette public de quotient familial que la caf dit de 5000 euro j'ai du attendre un an de prélèvement et 3 moi de coupure du rsa somme donner et automatiquement retenu a la source, qui na pas de légalité, pour connaitre la cause, a cause d'une case mal coché et d'un changement de situation familial pas signalé  car je n'ai plus la garde principal suit à un jaf perdue, j'ai eu un accident entraînant incapacité durant plusieurs mois, qui m'ont fait arrête une formation pour retrouvé de l'emploi, et pole emploi sans justificatif me réclame 600 euro j'ai réussi à rembourse la 400 euro, mais je n'arrive plus pole emploi me menacé insulté et ridiculisé en public avec la caf les somme prélevé change  d'un trimestre sur l'autresans calendrier sans négociation malgre mes demande par écrit envoyer a mes frais en accusé de réception a mes frais, je suis passé en tribunal administratif, le dépôt de mon dossier au tribunal adminstratif de marseille a était refusé alors que dans les temps j'ai du l'envoyer en recommander 26 euro a mes frais alors que j'ai pas de quoi me nourrir, je sais plus quoi faire j'ai raté des offre d'emploi car je n'avait pas le sous pour payer les transports , j'ai vues des assistant social, epvf, mediance 13 arrivé a 7h pour espere passé dans les 16 premier, arrive caf marseille a 8h 30 passé a 13h30, des machin et truc a plus en finir sa prend tout mon temps pour rien et pendant ce temps je ne peux pas cherche de travail le serpent se mort la queue je suis pris pour un con et on m'invite a crevé, voilà ce que vive les marseillais, je suis né en france je m'appel samuel verstraete, je fait tout pour être un père digne apprendre des valeurs humaniste à ma fille, je l’emmène a la bibliothèque a 10 elle lit beaucoup elle fait des rallye bd math lecture, elle est curieuse mais je me sent condamné au silence, c'est devenue ultra violent depuis macron harcèlement administratif, je vous invite chez moi a voir si je ment ou je dit la vérité j'ai investie en livre pour elle en jouer en livre pédagogique, activité manuel elle c'est planté et prendre soin d'animaux et plante, j’espère juste qu'elle arrive a développe sont esprit critique, si j'arrive a survivre mais je doute noel elle a accepter qui si j'ai pas d'argent bas de ne pas avoir de cadeaux, mais je ferai tout pour être digne donc accepte tout type de travail tout sans limite";privé;Non;parent citoyen dessinateur illustrateur
31 rue barthelemy 4eme étage;13001;L'appartement est vétuste et demande des travaux, la peinture s'écaille dans quasiment toutes les pièces et le plancher de la salle de bain s'est déjà effondré (sur 0.5mx0.5m) à cause de poutre intermediaires rongées par l'humidité puis a été réparé a la va-vite. Pour avoir vu l'avancement de l'humidité sur les poutres porteuses, je dirais que la salle de bain s'effondrera sur l'étage d'en dessous d'ici 5/10 ans;privé;;
37 rue Thubaneau 13001 Marseille;13001;Immeuble qui s'affaise depuis des années.. Des articles remontant à deux ans parlant défondrement partiels de l'immeuble. Infiltration d'eau. Fissure. Fil electriques qui pendent dans les parties communes (cages d'escalier). Rats. Squatteur...;privé;Je ne sais pas;
78 rue d'Aubagne;13001;Mur en sable, goulote pour fil électrique,  fuite à plusieurs endroits, fissures importante dans l appartement ainsi que sur la terrasse, du cache misère total avec une bonne odeur d humidité...;privé;Je ne sais pas;
15 rue des petites maries;13001;Insalubre;un office HLM;Oui;Je suis urbaniste
62 rue d'aubagne;13001;moisissure du a la très forte humidité, sol pas droit, fissures, punaises de lit, mauvaise isolation;privé;Je ne sais pas;
43 rue thubaneau;13001;le plancher haut des caves est en très mauvais état.;privé;Non;
1 place du Marché des capucins;13001;Correcte. Quelques épisodes de cafards;privé;Non;
7 rue de la Palud;13001;Vétuste est un petit mot;privé;Je ne sais pas;
20 Rue du Baignoir;13001;"d'apparence générale moyenne voir bonne mais :
- la conduite d'évacuation des eaux cède janvier 2018. réparée mais fuite encore quelque fois. le mur imbibé d'eau et d'excréments n'a jamais été réparé.
- les escaliers sont en mauvais état
- la peinture des murs commence à s'écailler
- souris et rats envahissent mon appartement
à noter qu'il est dommage que je puisse joindre une seule photo";privé;Je ne sais pas;
20 marché des capucins;13001;L'électricité n'est pas aux normes (Ampoules de chantier dans pratiquement tous les appartements) et un appartement qui a pris feu le 1er novembre au 18 de la même rue à cause d'un défaut d'électricité  (même propriétaire);privé;Je ne sais pas;Bénévole
16, rue de l'Académie;13001;"Immeuble à coté de chez moi, vu de mon balcon.
Le toit s’est effondré il y a presque 2 ans, aucune mesure n’a été prise et une partie de la couverture est en eternit. 
L’immeuble est muré et n’est pas habité.";je ne sais pas;Je ne sais pas;
8 Boulevard Longchamp;13001;"Petit 14m2
Le plafond est tombé parterre la semaine dernière à cause d’une fuite dans le toit mal entretenu qui n’a pas supporté la pluie.";privé;Je ne sais pas;
35, Rue Mazagran;13001;Vidéo de fuites d'eau le long de l'ampoule, l'agence est prévenue depuis fin août, et ne compte faire les travaux qu'à partir de Janvier 2019.;privé;Je ne sais pas;
69 rue Sénac;13001;Ancien squat, planchers troués et flambés, gouttières percées, façades défoncées, infiltrations des eaux de pluie, escaliers délabrés;privé;Je ne sais pas;
67 rue francis davso;13001;une grand fissure qui va du haut jusqu'en bas de l'immeuble avec un apaisement clair dans la cuisine de mon appartement;je ne sais pas;Je ne sais pas;
9 rue Rouvière;13001;Le balcon menace de tomber dans la rue;privé;Je ne sais pas;
83 rue curiol;13001;Partis comité insalubre et dangereux logement fissurer;privé;Non;
3 rue de la Palud;13001;;je ne sais pas;;Laboratoire urbanisme insurrectionnel
4 rue Maurice favier;13006;Immeuble mal entretenu, le sol bougeait, fuite d'eau récurrente de notre salle de bain chez la voisine du dessous, et une odeur de brûlé en pleine nuit alors que j'étais seule avec mes 2 jeunes enfants, intervention des pompiers qui nous ont dit qu'on avait échappé à l'incendie ! 3 appartements dans cet Immeuble, nous étions les seuls locataires, les 2 autres, propriétaires, n'ont rien voulu faire .... nous, nous sommes partis dans du neuf !!!!!;privé;Je ne sais pas;
43 rue Edmond Rostand;13006;"Electricité pas aux normes, tableau vetuste,
Eau qui coule du plafond de la salle de bain
Problème d'écoulement des eaux occasionnant des bouchons assez régulierement. Dernièrement ce problème d'écoulement a provoqué un dégât des eaux qui a troué le plafond sous mon bac de douche.";privé;Non;Je suis un simple particulier
169 boulevard chave;13005;Fuite dans le toit depuis un an qui s’ecoule par le faux plafond de la salle de bain. La fenêtre des toilettes n’est plus étanche non plus et le bois des deux fenêtres du salon a gonflé depuis les dernières pluie et je ne peux plus les ouvrir;privé;Non;
26 rue St Michel;13006;Infiltration de l'eau entre mon plafond cusine/sale de bain et la terrasse en dessus ! Entre le mur cusine et plafond cusine des morceau pierre tombe, des gouttes d'eau non stop sale de bain qui tombe du plafond, pendant la pluie l'eau qui coule entre fenêtre et mure cusine !;privé;Non;
4 rue maurice favier;13006;une honte, quand on marche ça tremble, immeuble très ancien, en plus il a failli prendre feu dans la cage d'escalier y'a un an à cause de l'installation électrique vétuste;privé;Je ne sais pas;
5 rue curie;13005;A l'entrée de l'immeuble des tâches d'humidité la cheminée sur le toit présente des fissures et il pleut dans un des appartements au rdc;privé;Non;
9 rue du village;13006;Déclaré insalubre depuis de nombreuses années , le batiment également;privé;Je ne sais pas;
18 Rue D’italie;13006;Infiltration par toiture dans 2 chambres et aucune isolation du plafond;privé;Je ne sais pas;
1 rue lafon;13006;En apparence rien d’alarmant, à l’interieur c’est une toute autre chose.;privé;Je ne sais pas;
45 RUE CURIOL 13001 MARSEILLE;13001;"bâtiment comportant de nombreuses fissures importantes, problème de fermeture de la porte principale d'entrée, couloir insalubre, fils électriques qui se promènent, tableau électrique vétuste, nombreuses fuites d'eau dont la cause n'est pas résolue... pas de lumière, invasion de rats... toiture défectueuse avec infiltration d'eau de pluie... un pilier de souténement en bois vétuste est dans la cave photo jointe
Dans l'appartement, nous avons le sol qui s'affaisse dans la chambre des enfants, des moisissures dues à des infiltrations par façade, une humidité trop importante, ... les propriétaires avaient commencé quelques travaux, mais mal réalisés, de ce fait des joints à refaire, bac à douche un de mur s'imbibe d'eau... le parquet de la salle de bain est tellement humide qu'il se décolle... nous avons eu des puces de lit .. et toujours des rats dans le jardin... bref... un manque de luminosité également car la salle à manger n'a pas de fenêtre. La chambre des enfants et la cuisine sont en fait aménagés dans une véranda... nous sommes totalement désemparés, nous désirons déménager... nous payons 780 euro de loyer pour un appartement insalubre...";privé;Non;j'ai créé une page MARSEILLE EN COLERE LOGEMENTS INSALUBRES sur facebook...
35, Rue Mazagran;13001;"Marches d'escaliers abîmées
Gaine EDF avec mention ""Danger de Mort"" traversant le centre de l'immeuble.
Fissure façade en haut de ma fenêtre, causant des infiltrations d'eau dans la cuisine.
Infiltration d'eau salle de bain, salon et plafond salon.
Un plomb a sauté dans la cuisine
Creux de deux tomettes devant ma porte d'entrée dû à la gaine EDF avec vue sur le premier étage.
Sol un peu incurvé. Ex.: La chaise à roulettes partait en arrière.
Traces des travaux d’électricité";je ne sais pas;Je ne sais pas;
8 rue henri messerer marseille 13001;13001;le logement est correct mais c l'entrée   l'état du hall d'entrée très dégradé les murs et le sol insalubre escalier en piteux états tomettes cassées et sol de l'escalier qui s'enfonce! porte d'entrée de l'immeuble qui gonfle obligé d'appeller quelqu'un pour l'ouvrir sinon pas moyen de sortir de l'immeuble !;privé;Je ne sais pas;
10 rue Beaumont;13001;"C est la cage d escalier qui est vraiment menaçante 
Des sols sont déjà été reconstruits entre m’en 3 eme et 2 étage 
Punaises de lit dans tout l immeuble depuis 2 ans";privé;Non;
7 rue petit saint jean;13001;Envahi par nuisibles (punaises de lit, souris, rat, cafards malgré nombreuses tentatives de traitement);privé;Je ne sais pas;
85 rue Aolphe thiers;13001;façade et balcon coté cours qui s'effondre, planché du second étage déjà effondré une fois;privé;Je ne sais pas;
29 rue thubaneau;13001;Humidité, pas d'isolation, problème électrique, fissures...;privé;Je ne sais pas;
13 rue de la palud;13001;toiture avec des trous. locataires en dessous.;privé;Je ne sais pas;
21 RUE CHATEAUREDON;13001;logement au dernier étage insalubre;privé;Je ne sais pas;
9 rue d'aubagne;13001;Hall et escaliers insalubres;privé;Je ne sais pas;
19 rue des tyrans;13007;Canalisation des eaux usées qui remonte dans la douche, mal façon concernant les tuyaux qui se relis entre eux (machine à laver, évier de la cuisine, evier de salle de bain l eaux remonte dans la douche) impossibilité de se laver. Grosse coulé d eaux dans ka cuisine lors de grosse pluie. Baie vitrée qui bouché lors de fort vent et non étanche. L appartement et au 6em et dernier étage. Le logement empêche la locataire du dessous de vivre décemment car l eau coulé aussi chez elle.;privé;Oui;
360 rue d Endoume 13007 Marseille;13007;Humidite 100 % , pas de prise terre, salpêtre il a plus dans mon appartement,  voisine folle trou béant devant la porte, coco au sol dégoûtant rien a été fait par l agence ou j étais je vais de déménager. Agence terrasse en ville chere avcson magazine ect... ce n st que des encaisseur de loyer ! Ils n ont strictement rien fait malgré des mails répétitifs;privé;Non;
141 rue du rouet;13008;Immeuble dans un etat douteux. La terrasse du 3e s’est effondré sur le 2e et le 2e sur le 1er. Arreté de mise en peril réalisé, des travaux effectués, d’embelissement surtout. Du caché-misère.... Escalier effrités, fissures apparentes et profondes.;privé;Oui;
55 rue liandier;13008;Maison et terrain occupés par deux personnes dans une grande précarité et a un terrain jonché d'immondices. J'ai déjà interpelé la mairie de secteur;privé;Je ne sais pas;
21 rue neuve sainte catherine;13007;Morceaux de façades qui s'effondrent du mur sur le trottoir;je ne sais pas;Je ne sais pas;
21 et 23 rue Paul Codaccioni;13007;Inconnu mais les façades sont imposantes de laissez-aller;je ne sais pas;Je ne sais pas;
Logis la graduée 34 boulevard du vaisseau;13009;Depuis des années à chaque fois qu'il pleut. Inondation .infiltration plafond et mur plâtre qui tombe poussière blanche.salon chambres couloir ..ERILIA société HLM à fait cloisonné ma salle de bain car il y avait de lamiante..fuite de gaz du au travaux dans la cuisine...et je Di pas ce qu'ils ont fait comme installations qui par du conteur de gaz dans la cage d'escalier jusqu'à mon appartement. .j'ai un cancer au poumon je ne peu plus vivre dans cette humidité et poussière de plâtre et moisissures. ..j'ai demandé un relogement car j'ai peur que ma santé se degrade..Erilia ne veux pas me reloger. .Le Maire d'une et du 9em arrondissement sont au courant je suis malade je veux juste être reloger. ..;un office HLM;Non;
1 allée de St cyr;13010;"Copropriétés
Appartement en vente par la SOGIMA. Infiltrations +++ d eau dans l appart bat 5 en rdc voire dans le bat 4 toit eau qui coule dans les couloirs intérieur et décroute les façades intérieures et autre. Copropriété dont les copropriétaires ne veulent pas faire de réparations cause augmentation des charges.";un office HLM;Non;Ex membre d’une association élu au conseil de surveillance  de la SOGiMA depuis 2014 jusqu 2018
29 bd baptistin cayol rs le tiboulen bt f;13008;Moisissures aspergillus niger et autres dans tout l'appartement odeur épouvantable. Pas de chauffage. Fenetre cassé et ouverte. Humidité. hotte aspirante et VMC défectueuse.4 enfants 17,6,4 ans et 1 de 7 mois tous malade et devenue asthmatique et autre et nous vivons a 5 dans la salle a mangé car la chambre des enfants et notre chambre ne sont plus vivable.seul 1 chambre a le chauffage donc moins de moisissure.Le service hygiene de le ville a effectué un PV.;privé;Je ne sais pas;
60 avenue centrale, Cité la Gardanne;13010;Il s'agit du logement de ma mère, 83 ans. Des fissures sur les murs, au plafond, de la moisissure et même des champignons, des maisons laissées à l'abandon par le maire de secteur. L'insalubrité fait peur à voir, les murs de ses WC  laissent entrevoir le jour et les éverites (probablement de l'amiante) Je tiens à votre disposition de nombreuses photos prises ce jour 14 novembre;un office HLM;Non;
les balustres , 1, place du recteur jules blache;13013;deux locations successives : la 1ère, au dernier étage, chauffage très très bas ou inexistant dans certaines pièces, blattes, pigeons, / le second : grilles d'aération d'origine ( 1960) et pas d'aspiration car vmc de l'immeuble en panne,  baignoire non étanche donc mur de la chambre mitoyenne à la salle de bain moisi...;un office HLM;Non;
130 av Corot;13013;Des bouts de murs sont tombés, l’ascenseur ne marche jamais, il y a des rats, des souris et des cafards en masse, de la moisiessure dans les salles d’eau, des trous béant dans la cuisine...;privé;Je ne sais pas;
8 traverse Charles de susini;13013;Mir et plafond qui s effrité et menace sûrement un jour de tombes. Suspicion d amiante dans les murs;je ne sais pas;Non;
240 chemin de saint jean du desert;13012;"Etat des canalisations, rats, amiante.
Fissures et humidité";un office HLM;Non;
74 bd de maillage 13008 marseille;13008;soit disant neuf et déjà fissuré..score cassé;privé;Non;
10,rue cheateauredon;13001;D'importants dégâts des eaux dans l'appartement et fragilisant l'ensemble de l'immeuble,ceci depuis l'accession à l'appartement, en juin 2007. Malgré de nombreuses relances, rien n'a été fait à ce jour.Cet été, une partie du plafond s'est écroulé, il pleut dans l'appartement.Je vous joins le compte rendu du dernier expert en date, mais il a oublié de diagnostiquer les fuites de la gouttière donnant sur cour. J'ai un autre compte rendu datant de 2015, mais je n'arrive pas à le joindre via ce formulaire.;privé;Non;non, j'aimerais bien avoir leurs coordonnées pour s'avoir, dans l'immédiat, quand un expert va passer car,d'après un plan datant de 2015, l'immeuble voisin, le 12 rue chateauredon, est noté rouge.La rue est en pente et il est situé au dessus du notre. Ma fille doit être actuellement relogée dans un hôtel, pris en charge pour 10 jours par l'assurance,mais après...?
18/20 rue des feuillants;13001;"Ces photos sont prises du 19 rue du musée au 5ème étage. C'est le côté cours. Derrière, le toit en construction c'est l'hôtel des Feuillants. A ses pieds, l'hôtel meublé Univers, la boucherie service Paradis se trouvent au 18, et le boulanger  ""La table à pain"" au 20. Côté rue, la vétusté n'est pas criante, mais côté cours la façade est fissurée, noire de suie, les gouttières sont pendantes ou absentes, les toitures sont vétustes et probablement fuyantes, les bouches de cheminée ne sont pas à une hauteur réglementaire donc crachent la fumée dans la cour où respirent les habitants.";privé;Non;
11 cours jean Ballard;13001;"Situé au 4ème étage, en partie sous les toits, il pleut depuis avril 2017 sur notre lit par le plafond. La barre de rideaux s’est décrochée à force’ d’humidité sur le plafond en placo. Résultat, le plafond est troué et totalement humide, de grosses auréoles s’étendent. La pluie passe sous la fenêtre et ruisselle dans l’appartement tel un ruisseau. 
Nous sommes par ailleurs envahis par des armées de cafards depuis des années.";privé;Non;
1 traverse saint bazile;13001;Je ne connais pas l’intérieur. Je passe tout les jours dessous. Plusieurs  morceaux de façade se sont effondrés. On voit depuis l’extérieur les nombreuse fissures du bâtiment sous les fenêtres mais aussi tout le long du mur (a cote de la gouttière).;je ne sais pas;Je ne sais pas;non
82, rue sénac de meilhan;13001;"- Infiltrations anciennes accumulées depuis plusieurs années, suite à la 
réfection très mal conduite de la toiture de l'immeuble, devenues graves au fil du temps et provoquant une situation 
d'insalubrité et de risque pour notre santé et notre sécurité. Une chambre désormais inutilisable. plus tuyauteries hors normes avec fuites plus une fenêtre ne fermant plus correctement";privé;Non;
29 rue de la Palud;13001;"Il pleut du plafond, entre les poutres (il s’agit d’un studio qui est directement sous les combles. 
La cage escalier est immonde. À l’entrée, deux conditionnateurs sont installés dans le mur, expulsant de l’eau directement dans le mur";privé;Je ne sais pas;
9, rue de la grande armèe;13001;Il y a 4 longues fissures sur les 4 côtés du plafond. Il manque un mm de plâtre et le plafond va à tomber dans la tête de mes ex voisins. J'ai des autres photos.;privé;Non;
19 rue Jean roque;13001;Délabré;privé;Non;
136 rue Consolat;13001;Bon état;privé;Non;
Pas d'adresse;13001;;je ne sais pas;;
78 au 82 rue Bernard du Bois;13002;3 immeubles trempés avec mousse sur les façades et malheureusement squattés. La ville n'a muré que les fenêtres pas les portes !;je ne sais pas;Oui;Je souhaite quand même vous donner un info. Au Bd des Dames depuis plusieurs années la ville nous adresse des mises en demeure pour faire des travaux : ôter les eaux usées du réseau pluvial, refaire la façade 2 fois en 10 ans, uniformisation des fenêtres.... donc quelque chose m'interpelle, la ville veille t elle à ce que les travaux soient fait dans des immeubles ayant pignon sur rue et laisse t elle à l'abandon les immeubles cachés ? Je tiens à vous donner une info, lors de l'allocution de M. Gaudin ce matin, il a dit que faire quitter les squatteurs d'un immeuble prenait des années. Mensonge. La FAIL13 possédait un immeuble rue Mazagran squatté en 2013 - immeuble qui faisait l'objet d'un péril imminent puisqu'une partie du toit s'était effondré. Les autorités ont mis moins de 6 mois à faire partir les squatteurs avec l'aide de la police. Deux poids deux mesures.
22 rue François Moisson donnant également sur la rue des Phocéens 13002 Marseille;13002;Immeuble non habité (mais souvent squatté) en état d'insalubrité. Des filets ont été placés mais ne constituent en rien un barrage contre des chutes de pierres ou d'éléments car ils sont en cordes et ont été placés il y a 4 ans déjà (usure visible). Aussi et surtout, le trottoir de cet immeuble est le lieu de passage journalier de tous les enfants de l'école élémentaire  François Moisson (500 enfants).;privé;Je ne sais pas;
3 rue de la palud;13001;Immeuble donc la facade s'écroule depuis 1 an. des étais retiennent les fenetres. depuis la catastrophe rue d'aubagne la porte d'entrée a été murée et de gros bloc de betons ont été mis ds la rue pour empecher les gens d'y accéder... ça ne sert à rien si demain ça s'éfondre les gens passent en dessous qd meme;je ne sais pas;Oui;
18 rue des Phocéens;13002;Immeuble en état d'insalubrité non habité (mais souvent squatté) non protégé par des filets de protection/risques élevé de chute d'éléments de façade voire de balcons. Le trottoir est le lieu de passage journalier des 500 élèves de l'école primaire François Moisson.;privé;Je ne sais pas;
27 rue du Bon Pasteur;13002;Travaux soit-disant refaits mais il y a des fissures, et des installations sanitaires et électriques pas aux normes. C'est d'ailleurs toute la rue qui est concernée;privé;Je ne sais pas;
37 rue Thubaneau;13001;Insalubrité, fissures, effondrement de toiture, affaissement des murs, inflitrations, affaissement des paliers, effondrement de toiture, humidité;privé;Oui;
42 rue Caisserie;13002;Le logement en lui-même est correct, par contre la cage d’escalier tombe en ruine et est effrayante;privé;Je ne sais pas;
18 rue fontaine des vents;13002;immeuble inhabité depuis des années, appartenant à la mairie et Marseille Habitat;un office HLM;Oui;
Quai du Port;13002;Bâtiment en bon état, mais rempli d'ordures;je ne sais pas;Je ne sais pas;
35 rue du petit puits 13001;13002;Délabrement;je ne sais pas;Je ne sais pas;
10 rue longue des capucins;13001;Mon logement est en état moyen, immeuble  restauré en contre plaqué donc impossibilité de voir des fissures a part dans la cage d'escalier ( ou il y en as)Photo a l'appuis. Mon signalement porte surtout sur les immeubles voisins.L'immeuble voisin ( le n° je pense)a été vide et en ruine pendant pres de 10 ans. Tout est en train d’être refait en contre plaqué mais comment les murs tiennent? c'est inquiétant sachant qu'il n'y a pas de fenêtre, qu'on voyait le jour dans les plafonds de chaque étage et que l'escalier était effondrée il y encore quelques semaines.Le n°4 ( par déduction) est habité des dans un etat encore plus alarmant. Photo à l'appuis. La façade du 12 en dessus de l'ancienne boucherie Cantini flandrin est également fissurée.;je ne sais pas;Je ne sais pas;
20 rue du baignoir;13001;L'immeuble est totalement en ruine, les escaliers s'effondrent, l'immeuble entier est soutenue par des échafaudages, les murs sont pourrie et envahit de souris, les canalisation sont toutes à refaire et il y a déjà eu de nombreuses fuites et des odeurs d'animaux se dégagent a l'entrée de l'immeuble. Je suis actuellement dans ce logement car je suis étudiante et le loyer est faible. Mais j'aimerais changer le plus rapidement possible pour ma sécurité.;privé;Je ne sais pas;
3 rue du coq;13001;Murs lézardés à plusieurs endroits, carrelage fissuré à trois endroits entre les pièces. Espacement entre le sol et les plinthes à certains endroits. Le 23/02/2017 le plafond de la salle de bains est tombé sur le faux plafond et depuis l'intervention des pompiers pour crever le plafond et dégager les gravats, il est resté tel quel avec chute de poussière, de gravats quotidiennes. Présence de moisissures dans la salle de bains et une chambre. Présence de moisissures dans la cage d'escalier.;privé;Non;
64 rue d'Aubagne;13001;"Murs rempli d'humidité ; étai à la terrasse; toiture en très mauvais état. Entresol avec des trous dans le sol";privé;Oui;Association des sinistrés de la rue d'Aubagne
25 rue Jean roque;13001;Sale, déchets et urine dans la cage d’escalier et dans les escaliers. Boîtier électrique avec des fils qui sortent du mur dans tous les sens. Pas aux normes. Escaliers et sols pas droits, fissures sur les murs.;privé;Je ne sais pas;
25 bd liberation;13001;vétuste;privé;Oui;"membre de ""piéton à Marseille"" (60 millions de piétons)"
6 boulevard Dugommier;13001;Sol penché au 2e étage. Plafond penché au 3e étage. Fissures importantes sur la façade, dans les parties communes et dans les appartements. Escaliers qui s'effritent.;privé;Je ne sais pas;
6 bd Dugommier;13001;Fissures dans les appartements, dans les parties communes et sur la facade. Aucun entretien de la copro;privé;Je ne sais pas;
30 rue saint saens;13001;Dernier étage infiltrations d eau, toiture pourrie, murs infiltrés d eau...;privé;Non;
41 rue senac;13001;Dangereux;je ne sais pas;Je ne sais pas;
52 rue saint sebastien 2eme etage;13006;"fissures cage escalier se prolongeant dans appartement
sol tomettes inegal
encadrement fenetres disjoint
pas d'etancheité thermique et pluie.
pour les photos voyez vous-même
a noter que ""consciencieusement"" des repères ? sont platrés pres des fissures dilatées, sans plus ,depuis des années.
je temoigne pour ma soeur a qui j'avais laissé la suite locative
les proprios ou heritiers s'en foutent mais n'oublient pas les loyers en temps et heure.
J.MARTINS";privé;Je ne sais pas;
86/88 cours gouffe 13006;13006;Immeuble insalubre qui est muré et qui a déjà été mis en péril en 2012 depuis plus rien;privé;Oui;Je suis un particulier
9 rue des bergers 13006 marseille;13006;Etat d'insalubrité reconnu des services sanitaires depuis plus de 25 ans pour l'immeuble . L'agence immobiliere ne fournit plus aucun décomptes ni quittances de loyer;privé;Oui;
43 rue des 3 frères Barthelemy;13006;"Plancher de la salle de bain qui s’affaisse 
Humidité 
infiltrations en façade côté cour 
 moisissures salle de bain 
fuites d’eau";privé;Non;
12 rue du commandant imhaus 13006 marseille;13006;trous sur le plancher terrasses dans un etat precaire murs aussi;privé;Non;
5 rue du village;13006;Immeuble sur 4 niveaux 3 fenêtres par étage - délabré;je ne sais pas;Je ne sais pas;
5 rue de Village;13006;Immeuble en ruine, condamné, et prêt à tomber;je ne sais pas;Oui;
176 BOULEVARD CHAVE;13005;"Il y a 10 ans, au rez de chaussé de cet immeuble un mur porteur a été enlevé sans ajout d'ipn ou d'upn. Les appartements des étages supérieurs présente des fissures de plusieurs centimètres aux sols, aux plafonds et sur les murs. Le sol s'est affaissé à tel point qu'il n'était plus possible d'ouvrir la porte d'entrée des appartements sans couper la porte (cf photo). En 2008 l'immeuble a été classé en péril. Et : ""considérant qu'une erreur de rédaction s'est produite dans l'arrêté n°2017_00346_VDM du 24 mars 2017, suite à une information erronée quant ç l'appartenance et l'adresse de plusieurs copropriétaires du bien,..,considérant qu'une autre erreur de rédaction s'est produite dans l'arrêté N°2017_00346_VDM du 24 mars 2017, concernant la date de prise de l'arrêté n°08/461/DPSP,..., la mainlevée de l'arrêté de péril n°08/461/DPSP du 24 Octobre 2008 est prononcée"". Il faut signaler en outre que le Rez de chaussé est un bar-boite de nuit en core ouvert et recevant un public nombreux.";privé;Oui;
58 rue des vertus;13005;depuis plusieurs années, on voit des fissures où on peut passer la main sur la façade intérieure de cet immeuble. Attention, la façade extérieure sur la rue ne laisse rien paraître car elle a été repeinte. Rien n'a été fait pour les fissures. Depuis 2 mois, la famille qui vit là, ne peut plus ouvrir ses volets car les volets bloquent dans le cadre de la fenêtre. Les tuiles tombent, la gouttière est tombée. Cet été la douche fuyait dans le garage auto du rez de chaussée. L'appartement est au dessus d'un garage dont le toit est en amiante.;je ne sais pas;Je ne sais pas;
10 rue  d.Oran 5eme;13005;Facade avec pierres apparentesprémices de dégradation;privé;Non;Je suis proprietaire de cet appartement
73 rue roger brun;13005;Le 31 octobre à 21h suite à des infiltrations d'eau,le plafond de ma cuisine est tombé, plus d'électricité, inhabitable. Et devinez qui est le syndic de l'immeuble le cabinet liautard celui qui avait le 65 de la rue d'aubagne bravo;privé;Non;
32 rue sainte Cécile;13005;Vétuste : pans de murs qui se décollent, dégât des eaux dans le cagibi, tomettes brisées à plusieurs endroits, fils électriques nus encadrant les portes, humidité, moisissure, cafards;privé;Je ne sais pas;
9 rue Michel merino;13005;3eme étage, sous'les toits. Le logement est propre , récemment rénové. Cependant des fuites existent sur le toit. Les poutres sont humides et de multiples fuites sont à déplorer;privé;Non;
286 rue saint pierre;13005;Refait soit disant à neuf pour cacher les infiltrations et les moisissures;privé;Non;
25 rue ferrari;13005;FISSURE FUITE EAU QUASI PERMANENTE;privé;Non;
53 rue du camas;13005;Convenable;privé;Non;
21 rue des trois frères carasso;13004;Balcon qui risque de s'effondré , faux plafond de la cuisine qui risque également de s'effondré, électricité hors normes, taille du muré des fenêtres trop petite donc dangereuse pour mes enfants , fissure sur les murs, plaintes mangé par je ne sais quels insecte de plus fenêtres qui ne sont pas en double vitrage donc l'air passe de dehors , la porte de la cuisine qui donne sur le balcon se ferme très mal surtout le haut il y a un espace donc l'air passe et le boitier d'electricité qui ne peut contenir que 6kwh hors nous avons besoin de 9kwh mais les propriétaires ne veulent rien savoir donc obligé f'eteindre et rallumé les chauffages pour pouvoir cuisiné ou lancé une machine a lavé donc la maison se refroisit entre temps .;privé;Je ne sais pas;
69 BD boisson;13004;Le long de la voie ferrée, mon appartement est ok, mais l'immeuble a des fissures, la cage d'escalier s'est déjà effondrée. Poutre de toiture cassée suite à la construction d'un grand immeuble neuf ave 2 sous sols concomitant. La mairie a été prévenue à l'époque des travaux. Sans suite.;privé;Non;
1 rue traverse sainte-rose;13004;Très bon;privé;Non;Je peux aider pour l'analyse des données, diplôme en santé publique spécialité épidémiologie et biostatistiques
52 rue Sainte Cécile;13005;se situe au dessus d'un local detrempé;je ne sais pas;Je ne sais pas;rue Sainte Cécile Marseille 13005
Bd pardigon;13004;Affaissement des sols dans différentes pièces, gros décalages entre le mur et le sol, tomettes qui se cassent sans marcher dessus, sols qui se fissurent, portes qui sont en décalages avec les cadrans........;privé;Oui;
erreur pas 49 mais 51 boulevard dahdah;13004;Insalubre taudis rats marchands de sommeil;privé;Je ne sais pas;
81 BLD JEANNE D ARC;13005;correct a part les caves !!! souvent innondées!!;un office HLM;Je ne sais pas;
49 boulevard Dahdah;13004;Insalubre taudis rats marchands de sommeil;privé;Je ne sais pas;
154 boulevard de la libération;13004;Indigne;privé;Non;
4 rue esperandieu;13004;insalubre;privé;Non;
62 cours julien;13006;failles sur les murs de là cage d'escalier allant du premier au quatrième étage. etc;privé;Oui;
27 rue Nau;13006;De nombreuses fissures de plus en plus grandes, électricité dans l'eau.;privé;Je ne sais pas;
10 Cours Julien;13006;"immeuble en péril 
Évacué par service civil mairie 20/11/18";je ne sais pas;Oui;
1 rue du levant;13007;Humidité fuite du toit dans la chambre principale problème  évacuation;privé;Non;
29, rue auguste Blanqui;13006;Soutennemment terrasse façade immeuble détériorée;privé;Je ne sais pas;
Rue paradis angle rue Pierre dupre;13006;Façade lezardee;je ne sais pas;Je ne sais pas;
117 rue Paradis;13006;Allèges de fenêtre qui tombent;je ne sais pas;Je ne sais pas;
113 rue Paradis;13006;Les éléments de façade tombent;je ne sais pas;Je ne sais pas;
10 boulevard de l'angelette;13015;moisissures sols et murs, trous lavabo et baignoire, chauffage gaz non conforme, inondations intérieures à répétition, éléctricité non conforme... l'adjoint au maire Mr Lancien est venu constater l'insalubrité mais rien n'a été fait ! ce logement est en train de détruire tout l'immeuble sachant qu'une famille de 4 personnes vivent en dessous et au moins 6 personnes dans le logement insalubre de moins de 60m2;privé;Non;
9 rue Sebastopol;34500;Fenêtre montée à l envers radiateur non conforme cumulus branch en direct infiltration d eau dans la cuisine avec infestation de moucheron moisissure salle de bain;privé;Je ne sais pas;
TOULON REPUBLIQUE CRIMINELLE 394 BLD FENELON 83200 TOULON SIGNALé depuis 6 MOIS au Syndic TRANSACT au Maire de Toulon et au MINISTERE DU LOGEMENT. A ce jour aucune nouvelle....;83200;voir photos;privé;Non;
116 route d avignon;30000;insalubre fuite d eua tuile qui tombe rat;privé;Je ne sais pas;
Six fours;83140;C'était un bureau qui nous a été louer en logement pour 810€;privé;Non;
3 rue de l'accord;13120;Insalubre en état déroulement;je ne sais pas;Oui;
394 bld Fenelon 83200 TOULON;83200;INSALUBRE ET EN PERIL;privé;Non;
21 rue baussenque 3ém etg;13002;"3éme étage
1-l' escalier des communs s'effondre  
2-Odeurs fortes émanent de la douche  qui est au pieds du lit et des tuyauteries cumulus.
3-sinistre: mon cumulus de 200L s'est arraché du mur puis tombé sur la porte d'entrée(cassant tout le contour) et entraînant tuyauteries et tableau électrique: résultat j'étais enfermé chez moi et les pompiers sont intervenus en cassant la fenêtre et les rangements pour me libérer.Je suis resté 3 semaines sans eau.
4-a ce jour l'agence s'est contentée de remettre ce même cumulus cassé sur un petit pieds.et il y à toujours des fuites.
5-Une série de dégât des eaux continue:
par le cumulus, l'effondrement d'une partie du plafond de l'étage en dessous, l'eau coulant dans les communs.
6-des fuites au niveau du plafond des wc provenant de l'étage au dessus(écoulements) 4èm/5ém étg.
7-suite à la destruction du plafond du dessous 2èm étg (causée par les poutres qui ont cédés) mon sol s'est affaissé, entraînant des fissures dans le mur des wc ,des carreaux fendus...
8- pas de lumière dans la salle de bain.
Fin: pas d'interventions de l'agence malgré les procédures.";privé;Je ne sais pas;
80 rue montecristo 13004 dernier local en rentrant sur la droite avant de rentrer dans le parking weldom;13004;Murs à moitié effondré, toiture brulée par le passé et simplement rafistolee, toiture percée laissant s'infiltrer l'eau, une vingtaine de piheons nichent sur place, le sol est couvert de fientes de pigeons. Le proprietaire et l'agence sont informés et ne font rien. Un constat d'huissier a ete effectue en 2016, depuis rien n'a bougé, et on me somme de payer le loyer;privé;Je ne sais pas;
10 avenue kleber batiment F;64200;eau chaude et chauffage intermittents/ humidité remonte par capillarité/ ports d'accès au logt et a l'intérieur = risque de chute.;un office HLM;Non;CLCV/ DAL/APF?Handisocial vivvant a biarritz dans un HLM ERILIA qui se moque de nous
1 impasse des bons enfants;31300;Logement très mal isolée présence de condensation sur mur et plafond l'air s'infiltre par derrières les convecteur, les prises, interrupteurs, plinthes et sous la baignoire dans la salle de bains plusieur dégât on étais arranger tapisserie se décollé  au salon dégât des eaux du à la toiture qui laisser la pluie s'infiltré dans le logement.;un office HLM;Je ne sais pas;
149 Boulevard Françoise Duparc;13004;Logement en piteux état. Énorme fissure sur le mur qui apparait aussi à l'extérieur. Dégât des eaux à l'étage du dessus qui a causé de gros problèmes au plafond. L'eau coule à la maison et les travaux tardent à être faits. L'agence recule toujours l'échéance.;privé;Je ne sais pas;
La maison blanche 221 bd danielle casanova;13014;T3 50m2 avec cafards et rats pas de chauffage, les fenêtres ne ferment pas;privé;Je ne sais pas;je m'occupe de personnes bénéficiaires du RSA
1 avenue antoine casubolo 13015 marseille;13015;indécent malfaçons , mauvaise isolations , étanchéités , froid et bruit;un office HLM;Non;n
La bertoire 1 allée des aromes 13410 lambesc;13410;Il beaucoup d'humidité ,quand il pleut l'eau s'infiltre par les fenêtres. La façade toute fissurée.les poils des chiens dans la cage des escaliers;un office HLM;Je ne sais pas;
300 avenue de La Capelette derrière l’immeuble au fond de la cour;13010;Maison frappée d’alignement car en zone inondable;privé;Je ne sais pas;
6 avenue de Bretagne;28300;Impropres et insalubres;un office HLM;Je ne sais pas;
21 rue des petites maries;13001;insalubre;privé;Je ne sais pas;Je suis amie de la locataire évacuée depuis un mois, qui a déjà témoigné sur ce blog. Je voulais rajouter que j'ai appelé France Telecom pour savoir que faire avec sa facture de téléphone fixe. On m'a bien répondu que France Telecom ne ferrait aucun geste commercial pour aider les sinistrés. Qu'il pouvaient soit continuer à Payer le téléphone fixe et l'internet qu'il ne peuvent pas utiliser, ou resilier leur ligne. J'ai appele le 3900 à 12h55 depuis mon tel fixe. Je trouve cette attitude honteuse, et pense qu'on devrait lui faire de la publicité.
170 la Canebière;13001;"- Toiture : très ancienne fragilisée par de nombreuses reprises partielles qu’une tiennent pas dans la durée. Le logement situé au 4e étage ne peux actuellement être loué. 
-  Cave : un IPN rouillé est désolidarisé du mur sur lequel il était fixé + voute fissurée (Un etai a été manifestement récemment posé) 
- escalier : sur des 2 étages élevés, certaines marches se désolidarisent du mur.";privé;Je ne sais pas;
84 rue carnot a st omer nous vivons dans le noir rempli d'humidité le bâtiment ce rempli d'eau de champignons et on peut plus vivre même dans respiré;62500;omer nous vivons dans le noir rempli d'humidité le bâtiment ce rempli d'eau de champignons et on peut plus vivre même dans respiré;privé;Je ne sais pas;Vivement que sa bouge
12 rue Roquebrune;13004;"- fuite au niveau du conduit d'évacuation de l'immeuble
- dégradation par humidité du mur de la cage d'escalier
- plafond du 1er niveau non protégé laissant apparaitre toutes les canalisations
- rampe d""escalier dessoudée
- cafards";privé;Je ne sais pas;
195 avenue de La Capelette;13010;Appartements ou immeuble  insalubre très humide et moisissures partout sol déformé cause fuite canalisation plusieurs fissures sur les fondations urgent;privé;Je ne sais pas;
25 bd national;13001;Bâtiment vide depuis 10 ans. Appartenait à un bailleur social puis depuis 2018 à la mairie...apparemment un étage est très dangereux;un office HLM;Oui;
46 bd merle cité menton bat 13;13012;Infiltration d'eau par la toiture moisie dans les chambres mon fils ne peux pas dans son lit trop humide;un office HLM;Non;
46 boulevard merle;13012;Infiltration d eau suite à une fuite toiture et mur signalé depuis octobre 2018;un office HLM;Non;
29 rue de l évêché;13002;Insalubre, très humide, les toilettes sont en dehors de l’appartement.;privé;Je ne sais pas;
13 rue toussaint;13003;pas en norme le logement;privé;Non;
394 BLD FENELON;83200;INSALUBRE - FISSURES DE PARTOUT ET PLAFOND EFFONDRE;privé;Non;Un homme s'est présenté ce jour venant de votre part et lorsque je lui ai demandé sa carte de presse, il est devenu agressif et antipathique me disant que j'étais trop exigeante... Veuillez m'envoyer un professionnel merci.
8 rue Marengo;13006;"Globalement l'appartement ne présente pas de dégâts majeurs.
En revanche le niveau d'humidité laisse des traces de moisissures sur les murs, plafonds et fenêtres, ne permet plus au linge d'être sec (odeurs + sensation désagréable).
Depuis peu une infiltration d'eau touche le mur d'une des chambres (nous sommes au dernier étage donc il ne s'agit pas d'une plomberie ou d'un souci chez un voisin).";privé;Non;
1 rue des Honneurs;13002;Toiture en mauvais état, un des murs du dernier étage s'effrite et des morceaux tombent à l'intérieur. L'eau de pluie rentre dans la pièce et mouille l'installation électrique. Le rez-de-chaussée sur cour est souvent inondé par les eaux usées qui remontent des regards dans la cour.;privé;Non;
37 Rue Thubaneau;13001;Arrêté de péril imminent et grave en 2016, travaux bâclés + Arrêté de péril au 4e étage l'étage car une partie de la toiture menace de s'effondrer et les paliers 4 et 3  sont affaissés. Evacuation le 08/11  des habitants du 4e mais pas du reste de l'immeuble.  Insalubrité total.;privé;Oui;
21, rue des petites maries;13001;Logement insalubre, humide, de nombreuses fissures, cadre de porte tombé, un trou dasn un faux plafond, un trou dans un plafond avec fuite d'eau. Partie commune en mauvais état: grosses fissures dont certaines apparues récemment, barre d'escalier cassée.;privé;Non;
33 rue de Bruys;13005;Pourri;privé;Oui;Non
2 rue ernest renan 13005 marseille;13005;problèmes dans l'immeuble cause sécurité des planchers et humidité au sous sol;privé;Non;
22 rue girardin 13007;13007;Fissure extérieure infiltration d'eau de pluie;je ne sais pas;Non;
1 RUE DE LA PALUD;13001;IMMEUBLE EN TRAIN DE TOMBER;privé;Oui;
394 BLD FENELON 83200 TOULON;83200;IMMEUBLE INSALUBRE;privé;Non;
